,spp,n.fruits.seeds,seed.t,notes
17,Abies grandis,0,NA,gymnosperm so no fruits or seeds
37,Abies procera,0,NA,gymnosperm so no fruits or seeds
30,Acer capillipes,3,6.5,"2 in june, 3 in July"
18,Alepidea natalensis,0,NA,
35,Androsace villosa,22,7,"22 in June, 15 in July, 14 in August, taking average month"
3,Arum maculatum,307,7.5,"293 in July, 306 in August"
24,Betonica bulgarica,0,NA,no records at all
14,Carex comosa,50,9,Seed data from June (44) to September (50)
40,Carex granularis,75,5.5,58 in May and 75 in June
34,Carex remota,24,6,
26,Chrysojasminum fruticans,83,9,
8,Corchorus olitorius,13,10,
32,Cormus domestica,78,9,"60 in August, 78 in September, 49 in October"
5,Cornus mas,502,8,
49,Crambe hispanica,3,4,
42,Dianthus arenarius,5,9,
13,Eucalyptus elata,3,5,"Data in Feb, May, Aug, Sep, Oct relatively equally"
38,Eucalyptus fastigata,4,8,"Datat in Mar, Apr, May, Aug, Sep relatively equally"
23,Eucalyptus pauciflora,15,10,
15,Eucalyptus regnans,6,10,
4,Galax urceolata,97,8,"97 in July, 68 in Aug, 53 in Sep"
48,Gentiana lutea,123,7.5,
21,Ginkgo biloba,0,NA,gymnosperm so no fruits or seeds
33,Grindelia tarapacana,1,3,"1 in Jan, 1 in Mar"
6,Heliopsis helianthoides,24,7,
47,Lathyrus annuus,32,4.5,
43,Lithocarpus glaber,9,10,"6 in Sep, 6 in Oct, 9 in Nov"
12,Loranthus tanakae,3,3,"3 in Mar, 1 in Sep, 1 in Oct, 2 in Nov, 1 in Dec"
39,NA NA,,,
11,Nandina domestica,574,3,Split across the whole year with peak in March
31,Pedicularis longiflora,0,NA,
44,Penstemon laevis,2,6,
1,Penstemon leiophyllus,1,7,
20,Penstemon linarioides,5,7,"5 in Jun, 1 in Jul, 5 in Aug"
45,Phlox maculata,3,8.5,
19,Phyllanthus emblica,32,6,
16,Pinus halepensis,0,NA,gymnosperm so no fruits or seeds
36,Pinus sylvestris,0,NA,gymnosperm so no fruits or seeds
41,Polemonium reptans,110,5,
7,Polygonum aviculare,65,9,
50,Potentilla reptans,13,7,
10,Prunus avium,596,6,
29,Prunus persica,175,6,Data in Apri throught Sep
28,Solidago albopilosa,0,NA,
22,Solidago canadensis,25,9,
27,Symphyotrichum oolentangiense,34,10,
25,Vaccinium arboreum,173,10,
46,Vaccinium myrtillus,1500,7.5,
9,Veronicastrum sibiricum,4,6,
2,Vitex rotundifolia,54,9,
,,, ,